{
    "version": "2.1.0",
    "$schema": "https://json.schemastore.org/sarif-2.1.0-rtm.4",
    "runs": [
        {
            "tool": {
                "driver": {
                    "name": "CodeGuru Security Scanner",
                    "informationUri": "https://docs.aws.amazon.com/",
                    "rules": [
                        {
                            "id": "python/improper-resource-exposure@v1.0",
                            "name": "Improper resource exposure",
                            "shortDescription": {
                                "text": "CWE-668 - Improper resource exposure"
                            },
                            "fullDescription": {
                                "text": "Exposing resource information makes the resource vulnerable to attack."
                            },
                            "help": {
                                "text": "The rule flags the use of host `0.0.0.0` in application configuration, which exposes the server to all network interfaces, potentially including public networks. This configuration poses a security risk by making the application accessible to unauthorized users on the internet. To remediate this issue, bind your application to localhost  `127.0.0.1` during development or use a specific, secure IP address in production environments with  proper firewall rules and authentication mechanisms.[Learn more](https://cwe.mitre.org/data/definitions/668.html)"
                            },
                            "properties": {
                                "tags": [
                                    "access-control",
                                    "security",
                                    "owasp-top10",
                                    "top25-cwes",
                                    "cwe-668",
                                    "Python"
                                ],
                                "security-severity": "8.9"
                            },
                            "defaultConfiguration": {
                                "level": "warning"
                            }
                        },
                        {
                            "id": "terraform/disabled-alb-drops-http-headers-terraform@v1.0",
                            "name": "Disabled ALB drops HTTP headers",
                            "shortDescription": {
                                "text": "CWE-703 - Disabled ALB drops HTTP headers"
                            },
                            "fullDescription": {
                                "text": "Disabled ALB drops HTTP headers is detected. Make sure that drop header is set to true in AWS ALB."
                            },
                            "help": {
                                "text": "Ensure that ALB drops HTTP headers"
                            },
                            "properties": {
                                "tags": [
                                    "aws-terraform",
                                    "security",
                                    "cwe-703",
                                    "Terraform"
                                ],
                                "security-severity": "4.5"
                            },
                            "defaultConfiguration": {
                                "level": "warning"
                            }
                        },
                        {
                            "id": "terraform/restrict-asterisk-iam-admin-policies-terraform@v1.0",
                            "name": "Restrict IAM policies with full 'asterisk-asterisk' administrative privileges",
                            "shortDescription": {
                                "text": "CWE-200 - Restrict IAM policies with full 'asterisk-asterisk' administrative privileges"
                            },
                            "fullDescription": {
                                "text": "Creation of IAM policies that allow full 'asterisk-asterisk' administrative privileges is detected. Make sure to prohibit the creation of IAM policies that allow full 'asterisk-asterisk' administrative privileges."
                            },
                            "help": {
                                "text": "Ensure IAM policies that allow full \"*-*\" administrative privileges are not created"
                            },
                            "properties": {
                                "tags": [
                                    "aws-terraform",
                                    "security",
                                    "cwe-200",
                                    "Terraform"
                                ],
                                "security-severity": "3.9"
                            },
                            "defaultConfiguration": {
                                "level": "note"
                            }
                        },
                        {
                            "id": "terraform/restrict-iam-asterisk-action-terraform@v1.0",
                            "name": "Restrict IAM asterisk action",
                            "shortDescription": {
                                "text": "CWE-285 - Restrict IAM asterisk action"
                            },
                            "fullDescription": {
                                "text": "IAM policy documents detect the use of asterisk as an action for statements. Make sure IAM policy documents do not permits the use of asterisk as an action for statements."
                            },
                            "help": {
                                "text": "Ensure no IAM policies documents allow \"*\" as a statement's actions"
                            },
                            "properties": {
                                "tags": [
                                    "aws-terraform",
                                    "security",
                                    "cwe-285",
                                    "Terraform"
                                ],
                                "security-severity": "8.9"
                            },
                            "defaultConfiguration": {
                                "level": "warning"
                            }
                        }
                    ]
                }
            },
            "results": [
                {
                    "ruleId": "python/improper-resource-exposure@v1.0",
                    "level": "warning",
                    "locations": [
                        {
                            "physicalLocation": {
                                "artifactLocation": {
                                    "uri": "main.py"
                                },
                                "region": {
                                    "startLine": 21,
                                    "endLine": 21
                                }
                            }
                        }
                    ],
                    "message": {
                        "text": "The rule flags the use of host `0.0.0.0` in application configuration, which exposes the server to all network interfaces, potentially including public networks. This configuration poses a security risk by making the application accessible to unauthorized users on the internet. To remediate this issue, bind your application to localhost  `127.0.0.1` during development or use a specific, secure IP address in production environments with  proper firewall rules and authentication mechanisms.[Learn more](https://cwe.mitre.org/data/definitions/668.html)"
                    }
                },
                {
                    "ruleId": "terraform/disabled-alb-drops-http-headers-terraform@v1.0",
                    "level": "warning",
                    "locations": [
                        {
                            "physicalLocation": {
                                "artifactLocation": {
                                    "uri": "terraform/ecs.tf"
                                },
                                "region": {
                                    "startLine": 39,
                                    "endLine": 55
                                }
                            }
                        }
                    ],
                    "message": {
                        "text": "Ensure that ALB drops HTTP headers"
                    }
                },
                {
                    "ruleId": "terraform/restrict-asterisk-iam-admin-policies-terraform@v1.0",
                    "level": "note",
                    "locations": [
                        {
                            "physicalLocation": {
                                "artifactLocation": {
                                    "uri": "terraform/vpc.tf"
                                },
                                "region": {
                                    "startLine": 115,
                                    "endLine": 125
                                }
                            }
                        }
                    ],
                    "message": {
                        "text": "Ensure IAM policies that allow full \"*-*\" administrative privileges are not created"
                    }
                },
                {
                    "ruleId": "terraform/restrict-iam-asterisk-action-terraform@v1.0",
                    "level": "warning",
                    "locations": [
                        {
                            "physicalLocation": {
                                "artifactLocation": {
                                    "uri": "terraform/vpc.tf"
                                },
                                "region": {
                                    "startLine": 115,
                                    "endLine": 125
                                }
                            }
                        }
                    ],
                    "message": {
                        "text": "Ensure no IAM policies documents allow \"*\" as a statement's actions"
                    }
                }
            ]
        }
    ]
}