{
  "SchemaVersion": 2,
  "CreatedAt": "2025-06-15T10:01:48.006787129Z",
  "ArtifactName": ".",
  "ArtifactType": "filesystem",
  "Metadata": {
    "ImageConfig": {
      "architecture": "",
      "created": "0001-01-01T00:00:00Z",
      "os": "",
      "rootfs": {
        "type": "",
        "diff_ids": null
      },
      "config": {}
    }
  },
  "Results": [
    {
      "Target": "poetry.lock",
      "Class": "lang-pkgs",
      "Type": "poetry"
    },
    {
      "Target": "Dockerfile",
      "Class": "config",
      "Type": "dockerfile",
      "MisconfSummary": {
        "Successes": 19,
        "Failures": 2
      },
      "Misconfigurations": [
        {
          "Type": "Dockerfile Security Check",
          "ID": "DS002",
          "AVDID": "AVD-DS-0002",
          "Title": "Image user should not be 'root'",
          "Description": "Running containers with 'root' user can lead to a container escape situation. It is a best practice to run containers as non-root users, which can be done by adding a 'USER' statement to the Dockerfile.",
          "Message": "Specify at least 1 USER command in Dockerfile with non-root user as argument",
          "Namespace": "builtin.dockerfile.DS002",
          "Query": "data.builtin.dockerfile.DS002.deny",
          "Resolution": "Add 'USER \u003cnon root user name\u003e' line to the Dockerfile",
          "Severity": "HIGH",
          "PrimaryURL": "https://avd.aquasec.com/misconfig/ds002",
          "References": [
            "https://docs.docker.com/develop/develop-images/dockerfile_best-practices/",
            "https://avd.aquasec.com/misconfig/ds002"
          ],
          "Status": "FAIL",
          "Layer": {},
          "CauseMetadata": {
            "Provider": "Dockerfile",
            "Service": "general",
            "Code": {
              "Lines": null
            },
            "RenderedCause": {}
          }
        },
        {
          "Type": "Dockerfile Security Check",
          "ID": "DS029",
          "AVDID": "AVD-DS-0029",
          "Title": "'apt-get' missing '--no-install-recommends'",
          "Description": "'apt-get' install should use '--no-install-recommends' to minimize image size.",
          "Message": "'--no-install-recommends' flag is missed: 'apt-get update \u0026\u0026     apt-get install -y curl unzip \u0026\u0026     curl \"https://awscli.amazonaws.com/awscli-exe-linux-x86_64.zip\" -o \"awscliv2.zip\" \u0026\u0026     unzip awscliv2.zip \u0026\u0026     ./aws/install \u0026\u0026     rm -rf awscliv2.zip aws'",
          "Namespace": "builtin.dockerfile.DS029",
          "Query": "data.builtin.dockerfile.DS029.deny",
          "Resolution": "Add '--no-install-recommends' flag to 'apt-get'",
          "Severity": "HIGH",
          "PrimaryURL": "https://avd.aquasec.com/misconfig/ds029",
          "References": [
            "https://docs.docker.com/develop/develop-images/dockerfile_best-practices/",
            "https://avd.aquasec.com/misconfig/ds029"
          ],
          "Status": "FAIL",
          "Layer": {},
          "CauseMetadata": {
            "Provider": "Dockerfile",
            "Service": "general",
            "StartLine": 18,
            "EndLine": 23,
            "Code": {
              "Lines": [
                {
                  "Number": 18,
                  "Content": "RUN apt-get update \u0026\u0026 \\",
                  "IsCause": true,
                  "Annotation": "",
                  "Truncated": false,
                  "Highlighted": "\u001b[38;5;64mRUN\u001b[0m apt-get update \u001b[38;5;245m\u0026\u0026\u001b[0m \u001b[38;5;124m\\",
                  "FirstCause": true,
                  "LastCause": false
                },
                {
                  "Number": 19,
                  "Content": "    apt-get install -y curl unzip \u0026\u0026 \\",
                  "IsCause": true,
                  "Annotation": "",
                  "Truncated": false,
                  "Highlighted": "\u001b[0m    apt-get install -y curl unzip \u001b[38;5;245m\u0026\u0026\u001b[0m \u001b[38;5;124m\\",
                  "FirstCause": false,
                  "LastCause": false
                },
                {
                  "Number": 20,
                  "Content": "    curl \"https://awscli.amazonaws.com/awscli-exe-linux-x86_64.zip\" -o \"awscliv2.zip\" \u0026\u0026 \\",
                  "IsCause": true,
                  "Annotation": "",
                  "Truncated": false,
                  "Highlighted": "\u001b[0m    curl \u001b[38;5;37m\"https://awscli.amazonaws.com/awscli-exe-linux-x86_64.zip\"\u001b[0m -o \u001b[38;5;37m\"awscliv2.zip\"\u001b[0m \u001b[38;5;245m\u0026\u0026\u001b[0m \u001b[38;5;124m\\",
                  "FirstCause": false,
                  "LastCause": false
                },
                {
                  "Number": 21,
                  "Content": "    unzip awscliv2.zip \u0026\u0026 \\",
                  "IsCause": true,
                  "Annotation": "",
                  "Truncated": false,
                  "Highlighted": "\u001b[0m    unzip awscliv2.zip \u001b[38;5;245m\u0026\u0026\u001b[0m \u001b[38;5;124m\\",
                  "FirstCause": false,
                  "LastCause": false
                },
                {
                  "Number": 22,
                  "Content": "    ./aws/install \u0026\u0026 \\",
                  "IsCause": true,
                  "Annotation": "",
                  "Truncated": false,
                  "Highlighted": "\u001b[0m    ./aws/install \u001b[38;5;245m\u0026\u0026\u001b[0m \u001b[38;5;124m\\",
                  "FirstCause": false,
                  "LastCause": false
                },
                {
                  "Number": 23,
                  "Content": "    rm -rf awscliv2.zip aws",
                  "IsCause": true,
                  "Annotation": "",
                  "Truncated": false,
                  "Highlighted": "\u001b[0m    rm -rf awscliv2.zip aws",
                  "FirstCause": false,
                  "LastCause": true
                }
              ]
            },
            "RenderedCause": {}
          }
        }
      ]
    },
    {
      "Target": "terraform",
      "Class": "config",
      "Type": "terraform",
      "MisconfSummary": {
        "Successes": 42,
        "Failures": 0
      }
    },
    {
      "Target": "terraform-aws-modules/ecr/aws/main.tf",
      "Class": "config",
      "Type": "terraform",
      "MisconfSummary": {
        "Successes": 0,
        "Failures": 1
      },
      "Misconfigurations": [
        {
          "Type": "Terraform Security Check",
          "ID": "AVD-AWS-0031",
          "AVDID": "AVD-AWS-0031",
          "Title": "ECR images tags shouldn't be mutable.",
          "Description": "ECR images should be set to IMMUTABLE to prevent code injection through image mutation.\nThis can be done by setting \u003ccode\u003eimage_tag_mutability\u003c/code\u003e to \u003ccode\u003eIMMUTABLE\u003c/code\u003e\n",
          "Message": "Repository tags are mutable.",
          "Namespace": "builtin.aws.ecr.aws0031",
          "Query": "data.builtin.aws.ecr.aws0031.deny",
          "Resolution": "Only use immutable images in ECR",
          "Severity": "HIGH",
          "PrimaryURL": "https://avd.aquasec.com/misconfig/avd-aws-0031",
          "References": [
            "https://sysdig.com/blog/toctou-tag-mutability/",
            "https://avd.aquasec.com/misconfig/avd-aws-0031"
          ],
          "Status": "FAIL",
          "Layer": {},
          "CauseMetadata": {
            "Resource": "module.app_ecr",
            "Provider": "AWS",
            "Service": "ecr",
            "StartLine": 181,
            "EndLine": 181,
            "Code": {
              "Lines": [
                {
                  "Number": 177,
                  "Content": "resource \"aws_ecr_repository\" \"this\" {",
                  "IsCause": false,
                  "Annotation": "",
                  "Truncated": false,
                  "Highlighted": "\u001b[38;5;33mresource\u001b[0m \u001b[38;5;37m\"aws_ecr_repository\"\u001b[0m \u001b[38;5;37m\"this\"\u001b[0m {",
                  "FirstCause": false,
                  "LastCause": false
                },
                {
                  "Number": 178,
                  "Content": "",
                  "IsCause": false,
                  "Annotation": "",
                  "Truncated": true,
                  "FirstCause": false,
                  "LastCause": false
                },
                {
                  "Number": 181,
                  "Content": "  image_tag_mutability = var.repository_image_tag_mutability",
                  "IsCause": true,
                  "Annotation": "",
                  "Truncated": false,
                  "Highlighted": "  \u001b[38;5;245mimage_tag_mutability\u001b[0m = \u001b[38;5;33mvar\u001b[0m.repository_image_tag_mutability",
                  "FirstCause": true,
                  "LastCause": true
                },
                {
                  "Number": 194,
                  "Content": "",
                  "IsCause": false,
                  "Annotation": "",
                  "Truncated": true,
                  "FirstCause": false,
                  "LastCause": false
                },
                {
                  "Number": 195,
                  "Content": "}",
                  "IsCause": false,
                  "Annotation": "",
                  "Truncated": false,
                  "Highlighted": "}",
                  "FirstCause": false,
                  "LastCause": false
                }
              ]
            },
            "Occurrences": [
              {
                "Resource": "aws_ecr_repository.this[0]",
                "Filename": "terraform-aws-modules/ecr/aws/main.tf",
                "Location": {
                  "StartLine": 177,
                  "EndLine": 195
                }
              },
              {
                "Resource": "module.app_ecr",
                "Filename": "terraform/ecr.tf",
                "Location": {
                  "StartLine": 1,
                  "EndLine": 30
                }
              }
            ],
            "RenderedCause": {
              "Raw": "resource \"aws_ecr_repository\" \"this\" {\n  image_tag_mutability = \"MUTABLE\"\n}",
              "Highlighted": "\u001b[38;5;33mresource\u001b[0m \u001b[38;5;37m\"aws_ecr_repository\"\u001b[0m \u001b[38;5;37m\"this\"\u001b[0m {\n  \u001b[38;5;245mimage_tag_mutability\u001b[0m = \u001b[38;5;37m\"MUTABLE\"\n\u001b[0m}"
            }
          }
        }
      ]
    },
    {
      "Target": "terraform-aws-modules/s3-bucket/aws/main.tf",
      "Class": "config",
      "Type": "terraform"
    },
    {
      "Target": "terraform-aws-modules/security-group/aws/main.tf",
      "Class": "config",
      "Type": "terraform",
      "MisconfSummary": {
        "Successes": 0,
        "Failures": 2
      },
      "Misconfigurations": [
        {
          "Type": "Terraform Security Check",
          "ID": "aws-vpc-no-public-egress-sgr",
          "AVDID": "AVD-AWS-0104",
          "Title": "A security group rule should not allow unrestricted egress to any IP address.",
          "Description": "Opening up ports to connect out to the public internet is generally to be avoided. You should restrict access to IP addresses or ranges that are explicitly required where possible.\n",
          "Message": "Security group rule allows unrestricted egress to any IP address.",
          "Namespace": "builtin.aws.ec2.aws0104",
          "Query": "data.builtin.aws.ec2.aws0104.deny",
          "Resolution": "Set a more restrictive cidr range",
          "Severity": "CRITICAL",
          "PrimaryURL": "https://avd.aquasec.com/misconfig/aws-vpc-no-public-egress-sgr",
          "References": [
            "https://docs.aws.amazon.com/whitepapers/latest/building-scalable-secure-multi-vpc-network-infrastructure/centralized-egress-to-internet.html",
            "https://avd.aquasec.com/misconfig/aws-vpc-no-public-egress-sgr"
          ],
          "Status": "FAIL",
          "Layer": {},
          "CauseMetadata": {
            "Resource": "module.app_container_sg",
            "Provider": "AWS",
            "Service": "ec2",
            "StartLine": 658,
            "EndLine": 665,
            "Code": {
              "Lines": [
                {
                  "Number": 652,
                  "Content": "resource \"aws_security_group_rule\" \"egress_with_cidr_blocks\" {",
                  "IsCause": false,
                  "Annotation": "",
                  "Truncated": false,
                  "Highlighted": "\u001b[38;5;33mresource\u001b[0m \u001b[38;5;37m\"aws_security_group_rule\"\u001b[0m \u001b[38;5;37m\"egress_with_cidr_blocks\"\u001b[0m {",
                  "FirstCause": false,
                  "LastCause": false
                },
                {
                  "Number": 653,
                  "Content": "",
                  "IsCause": false,
                  "Annotation": "",
                  "Truncated": true,
                  "FirstCause": false,
                  "LastCause": false
                },
                {
                  "Number": 658,
                  "Content": "  cidr_blocks = compact(split(",
                  "IsCause": true,
                  "Annotation": "",
                  "Truncated": false,
                  "Highlighted": "  \u001b[38;5;245mcidr_blocks\u001b[0m =\u001b[38;5;33m compact\u001b[0m(\u001b[38;5;33msplit\u001b[0m(",
                  "FirstCause": true,
                  "LastCause": false
                },
                {
                  "Number": 659,
                  "Content": "    \",\",",
                  "IsCause": true,
                  "Annotation": "",
                  "Truncated": false,
                  "Highlighted": "    \u001b[38;5;37m\",\"\u001b[0m,",
                  "FirstCause": false,
                  "LastCause": false
                },
                {
                  "Number": 660,
                  "Content": "    lookup(",
                  "IsCause": true,
                  "Annotation": "",
                  "Truncated": false,
                  "Highlighted": "    lookup(",
                  "FirstCause": false,
                  "LastCause": false
                },
                {
                  "Number": 661,
                  "Content": "      var.egress_with_cidr_blocks[count.index],",
                  "IsCause": true,
                  "Annotation": "",
                  "Truncated": false,
                  "Highlighted": "      \u001b[38;5;33mvar\u001b[0m.egress_with_cidr_blocks[\u001b[38;5;33mcount\u001b[0m.index],",
                  "FirstCause": false,
                  "LastCause": false
                },
                {
                  "Number": 662,
                  "Content": "      \"cidr_blocks\",",
                  "IsCause": true,
                  "Annotation": "",
                  "Truncated": false,
                  "Highlighted": "      \u001b[38;5;37m\"cidr_blocks\"\u001b[0m,",
                  "FirstCause": false,
                  "LastCause": false
                },
                {
                  "Number": 663,
                  "Content": "      join(\",\", var.egress_cidr_blocks),",
                  "IsCause": true,
                  "Annotation": "",
                  "Truncated": false,
                  "Highlighted": "      \u001b[38;5;33mjoin\u001b[0m(\u001b[38;5;37m\",\"\u001b[0m, \u001b[38;5;33mvar\u001b[0m.egress_cidr_blocks),",
                  "FirstCause": false,
                  "LastCause": false
                },
                {
                  "Number": 664,
                  "Content": "    ),",
                  "IsCause": true,
                  "Annotation": "",
                  "Truncated": false,
                  "Highlighted": "    ),",
                  "FirstCause": false,
                  "LastCause": true
                },
                {
                  "Number": 665,
                  "Content": "",
                  "IsCause": false,
                  "Annotation": "",
                  "Truncated": true,
                  "FirstCause": false,
                  "LastCause": false
                }
              ]
            },
            "Occurrences": [
              {
                "Resource": "aws_security_group_rule.egress_with_cidr_blocks[0]",
                "Filename": "terraform-aws-modules/security-group/aws/main.tf",
                "Location": {
                  "StartLine": 652,
                  "EndLine": 690
                }
              },
              {
                "Resource": "module.app_container_sg",
                "Filename": "terraform/security_groups.tf",
                "Location": {
                  "StartLine": 35,
                  "EndLine": 73
                }
              }
            ],
            "RenderedCause": {
              "Raw": "resource \"aws_security_group_rule\" \"egress_with_cidr_blocks\" {\n  cidr_blocks = [\"0.0.0.0/0\"]\n}",
              "Highlighted": "\u001b[38;5;33mresource\u001b[0m \u001b[38;5;37m\"aws_security_group_rule\"\u001b[0m \u001b[38;5;37m\"egress_with_cidr_blocks\"\u001b[0m {\n  \u001b[38;5;245mcidr_blocks\u001b[0m = [\u001b[38;5;37m\"0.0.0.0/0\"\u001b[0m]\n}"
            }
          }
        },
        {
          "Type": "Terraform Security Check",
          "ID": "aws-vpc-no-public-egress-sgr",
          "AVDID": "AVD-AWS-0104",
          "Title": "A security group rule should not allow unrestricted egress to any IP address.",
          "Description": "Opening up ports to connect out to the public internet is generally to be avoided. You should restrict access to IP addresses or ranges that are explicitly required where possible.\n",
          "Message": "Security group rule allows unrestricted egress to any IP address.",
          "Namespace": "builtin.aws.ec2.aws0104",
          "Query": "data.builtin.aws.ec2.aws0104.deny",
          "Resolution": "Set a more restrictive cidr range",
          "Severity": "CRITICAL",
          "PrimaryURL": "https://avd.aquasec.com/misconfig/aws-vpc-no-public-egress-sgr",
          "References": [
            "https://docs.aws.amazon.com/whitepapers/latest/building-scalable-secure-multi-vpc-network-infrastructure/centralized-egress-to-internet.html",
            "https://avd.aquasec.com/misconfig/aws-vpc-no-public-egress-sgr"
          ],
          "Status": "FAIL",
          "Layer": {},
          "CauseMetadata": {
            "Resource": "module.app_external_loadbalancer_sg",
            "Provider": "AWS",
            "Service": "ec2",
            "StartLine": 658,
            "EndLine": 665,
            "Code": {
              "Lines": [
                {
                  "Number": 652,
                  "Content": "resource \"aws_security_group_rule\" \"egress_with_cidr_blocks\" {",
                  "IsCause": false,
                  "Annotation": "",
                  "Truncated": false,
                  "Highlighted": "\u001b[38;5;33mresource\u001b[0m \u001b[38;5;37m\"aws_security_group_rule\"\u001b[0m \u001b[38;5;37m\"egress_with_cidr_blocks\"\u001b[0m {",
                  "FirstCause": false,
                  "LastCause": false
                },
                {
                  "Number": 653,
                  "Content": "",
                  "IsCause": false,
                  "Annotation": "",
                  "Truncated": true,
                  "FirstCause": false,
                  "LastCause": false
                },
                {
                  "Number": 658,
                  "Content": "  cidr_blocks = compact(split(",
                  "IsCause": true,
                  "Annotation": "",
                  "Truncated": false,
                  "Highlighted": "  \u001b[38;5;245mcidr_blocks\u001b[0m =\u001b[38;5;33m compact\u001b[0m(\u001b[38;5;33msplit\u001b[0m(",
                  "FirstCause": true,
                  "LastCause": false
                },
                {
                  "Number": 659,
                  "Content": "    \",\",",
                  "IsCause": true,
                  "Annotation": "",
                  "Truncated": false,
                  "Highlighted": "    \u001b[38;5;37m\",\"\u001b[0m,",
                  "FirstCause": false,
                  "LastCause": false
                },
                {
                  "Number": 660,
                  "Content": "    lookup(",
                  "IsCause": true,
                  "Annotation": "",
                  "Truncated": false,
                  "Highlighted": "    lookup(",
                  "FirstCause": false,
                  "LastCause": false
                },
                {
                  "Number": 661,
                  "Content": "      var.egress_with_cidr_blocks[count.index],",
                  "IsCause": true,
                  "Annotation": "",
                  "Truncated": false,
                  "Highlighted": "      \u001b[38;5;33mvar\u001b[0m.egress_with_cidr_blocks[\u001b[38;5;33mcount\u001b[0m.index],",
                  "FirstCause": false,
                  "LastCause": false
                },
                {
                  "Number": 662,
                  "Content": "      \"cidr_blocks\",",
                  "IsCause": true,
                  "Annotation": "",
                  "Truncated": false,
                  "Highlighted": "      \u001b[38;5;37m\"cidr_blocks\"\u001b[0m,",
                  "FirstCause": false,
                  "LastCause": false
                },
                {
                  "Number": 663,
                  "Content": "      join(\",\", var.egress_cidr_blocks),",
                  "IsCause": true,
                  "Annotation": "",
                  "Truncated": false,
                  "Highlighted": "      \u001b[38;5;33mjoin\u001b[0m(\u001b[38;5;37m\",\"\u001b[0m, \u001b[38;5;33mvar\u001b[0m.egress_cidr_blocks),",
                  "FirstCause": false,
                  "LastCause": false
                },
                {
                  "Number": 664,
                  "Content": "    ),",
                  "IsCause": true,
                  "Annotation": "",
                  "Truncated": false,
                  "Highlighted": "    ),",
                  "FirstCause": false,
                  "LastCause": true
                },
                {
                  "Number": 665,
                  "Content": "",
                  "IsCause": false,
                  "Annotation": "",
                  "Truncated": true,
                  "FirstCause": false,
                  "LastCause": false
                }
              ]
            },
            "Occurrences": [
              {
                "Resource": "aws_security_group_rule.egress_with_cidr_blocks[0]",
                "Filename": "terraform-aws-modules/security-group/aws/main.tf",
                "Location": {
                  "StartLine": 652,
                  "EndLine": 690
                }
              },
              {
                "Resource": "module.app_external_loadbalancer_sg",
                "Filename": "terraform/security_groups.tf",
                "Location": {
                  "StartLine": 2,
                  "EndLine": 32
                }
              }
            ],
            "RenderedCause": {
              "Raw": "resource \"aws_security_group_rule\" \"egress_with_cidr_blocks\" {\n  cidr_blocks = [\"0.0.0.0/0\"]\n}",
              "Highlighted": "\u001b[38;5;33mresource\u001b[0m \u001b[38;5;37m\"aws_security_group_rule\"\u001b[0m \u001b[38;5;37m\"egress_with_cidr_blocks\"\u001b[0m {\n  \u001b[38;5;245mcidr_blocks\u001b[0m = [\u001b[38;5;37m\"0.0.0.0/0\"\u001b[0m]\n}"
            }
          }
        }
      ]
    },
    {
      "Target": "terraform-aws-modules/vpc/aws/modules/vpc-endpoints/modules/vpc-endpoints/main.tf",
      "Class": "config",
      "Type": "terraform",
      "MisconfSummary": {
        "Successes": 0,
        "Failures": 1
      },
      "Misconfigurations": [
        {
          "Type": "Terraform Security Check",
          "ID": "aws-vpc-no-public-egress-sgr",
          "AVDID": "AVD-AWS-0104",
          "Title": "A security group rule should not allow unrestricted egress to any IP address.",
          "Description": "Opening up ports to connect out to the public internet is generally to be avoided. You should restrict access to IP addresses or ranges that are explicitly required where possible.\n",
          "Message": "Security group rule allows unrestricted egress to any IP address.",
          "Namespace": "builtin.aws.ec2.aws0104",
          "Query": "data.builtin.aws.ec2.aws0104.deny",
          "Resolution": "Set a more restrictive cidr range",
          "Severity": "CRITICAL",
          "PrimaryURL": "https://avd.aquasec.com/misconfig/aws-vpc-no-public-egress-sgr",
          "References": [
            "https://docs.aws.amazon.com/whitepapers/latest/building-scalable-secure-multi-vpc-network-infrastructure/centralized-egress-to-internet.html",
            "https://avd.aquasec.com/misconfig/aws-vpc-no-public-egress-sgr"
          ],
          "Status": "FAIL",
          "Layer": {},
          "CauseMetadata": {
            "Resource": "module.vpc_endpoints",
            "Provider": "AWS",
            "Service": "ec2",
            "StartLine": 107,
            "EndLine": 107,
            "Code": {
              "Lines": [
                {
                  "Number": 95,
                  "Content": "resource \"aws_security_group_rule\" \"this\" {",
                  "IsCause": false,
                  "Annotation": "",
                  "Truncated": false,
                  "Highlighted": "\u001b[38;5;33mresource\u001b[0m \u001b[38;5;37m\"aws_security_group_rule\"\u001b[0m \u001b[38;5;37m\"this\"\u001b[0m {",
                  "FirstCause": false,
                  "LastCause": false
                },
                {
                  "Number": 96,
                  "Content": "",
                  "IsCause": false,
                  "Annotation": "",
                  "Truncated": true,
                  "FirstCause": false,
                  "LastCause": false
                },
                {
                  "Number": 107,
                  "Content": "  cidr_blocks              = lookup(each.value, \"cidr_blocks\", null)",
                  "IsCause": true,
                  "Annotation": "",
                  "Truncated": false,
                  "Highlighted": "  \u001b[38;5;245mcidr_blocks\u001b[0m              =\u001b[38;5;33m lookup\u001b[0m(\u001b[38;5;33meach\u001b[0m.value, \u001b[38;5;37m\"cidr_blocks\"\u001b[0m, null)",
                  "FirstCause": true,
                  "LastCause": true
                },
                {
                  "Number": 111,
                  "Content": "",
                  "IsCause": false,
                  "Annotation": "",
                  "Truncated": true,
                  "FirstCause": false,
                  "LastCause": false
                },
                {
                  "Number": 112,
                  "Content": "}",
                  "IsCause": false,
                  "Annotation": "",
                  "Truncated": false,
                  "Highlighted": "}",
                  "FirstCause": false,
                  "LastCause": false
                }
              ]
            },
            "Occurrences": [
              {
                "Resource": "aws_security_group_rule.this[\"egress_all\"]",
                "Filename": "terraform-aws-modules/vpc/aws/modules/vpc-endpoints/modules/vpc-endpoints/main.tf",
                "Location": {
                  "StartLine": 95,
                  "EndLine": 112
                }
              },
              {
                "Resource": "module.vpc_endpoints",
                "Filename": "terraform/vpc.tf",
                "Location": {
                  "StartLine": 55,
                  "EndLine": 113
                }
              }
            ],
            "RenderedCause": {
              "Raw": "resource \"aws_security_group_rule\" \"this\" {\n  cidr_blocks = [\"0.0.0.0/0\"]\n}",
              "Highlighted": "\u001b[38;5;33mresource\u001b[0m \u001b[38;5;37m\"aws_security_group_rule\"\u001b[0m \u001b[38;5;37m\"this\"\u001b[0m {\n  \u001b[38;5;245mcidr_blocks\u001b[0m = [\u001b[38;5;37m\"0.0.0.0/0\"\u001b[0m]\n}"
            }
          }
        }
      ]
    },
    {
      "Target": "terraform/ecs.tf",
      "Class": "config",
      "Type": "terraform",
      "MisconfSummary": {
        "Successes": 0,
        "Failures": 2
      },
      "Misconfigurations": [
        {
          "Type": "Terraform Security Check",
          "ID": "AVD-AWS-0052",
          "AVDID": "AVD-AWS-0052",
          "Title": "Load balancers should drop invalid headers",
          "Description": "Passing unknown or invalid headers through to the target poses a potential risk of compromise.\nBy setting drop_invalid_header_fields to true, anything that does not conform to well known, defined headers will be removed by the load balancer.\n",
          "Message": "Application load balancer is not set to drop invalid headers.",
          "Namespace": "builtin.aws.elb.aws0052",
          "Query": "data.builtin.aws.elb.aws0052.deny",
          "Resolution": "Set drop_invalid_header_fields to true",
          "Severity": "HIGH",
          "PrimaryURL": "https://avd.aquasec.com/misconfig/avd-aws-0052",
          "References": [
            "https://docs.aws.amazon.com/elasticloadbalancing/latest/application/application-load-balancers.html",
            "https://avd.aquasec.com/misconfig/avd-aws-0052"
          ],
          "Status": "FAIL",
          "Layer": {},
          "CauseMetadata": {
            "Resource": "aws_lb.alb_external_microservices",
            "Provider": "AWS",
            "Service": "elb",
            "StartLine": 39,
            "EndLine": 55,
            "Code": {
              "Lines": [
                {
                  "Number": 39,
                  "Content": "resource \"aws_lb\" \"alb_external_microservices\" {",
                  "IsCause": true,
                  "Annotation": "",
                  "Truncated": false,
                  "Highlighted": "\u001b[38;5;33mresource\u001b[0m \u001b[38;5;37m\"aws_lb\"\u001b[0m \u001b[38;5;37m\"alb_external_microservices\"\u001b[0m {",
                  "FirstCause": true,
                  "LastCause": false
                },
                {
                  "Number": 40,
                  "Content": "  name                             = \"${local.name_prefix}-external-alb\"",
                  "IsCause": true,
                  "Annotation": "",
                  "Truncated": false,
                  "Highlighted": "  \u001b[38;5;245mname\u001b[0m                             = \u001b[38;5;37m\"\u001b[0m\u001b[38;5;37m${\u001b[0mlocal.name_prefix\u001b[38;5;37m}\u001b[0m\u001b[38;5;37m-external-alb\"",
                  "FirstCause": false,
                  "LastCause": false
                },
                {
                  "Number": 41,
                  "Content": "  load_balancer_type               = \"application\"",
                  "IsCause": true,
                  "Annotation": "",
                  "Truncated": false,
                  "Highlighted": "\u001b[0m  \u001b[38;5;245mload_balancer_type\u001b[0m               = \u001b[38;5;37m\"application\"",
                  "FirstCause": false,
                  "LastCause": false
                },
                {
                  "Number": 42,
                  "Content": "  enable_cross_zone_load_balancing = \"true\"",
                  "IsCause": true,
                  "Annotation": "",
                  "Truncated": false,
                  "Highlighted": "\u001b[0m  \u001b[38;5;245menable_cross_zone_load_balancing\u001b[0m = \u001b[38;5;37m\"true\"",
                  "FirstCause": false,
                  "LastCause": false
                },
                {
                  "Number": 43,
                  "Content": "  internal                         = false",
                  "IsCause": true,
                  "Annotation": "",
                  "Truncated": false,
                  "Highlighted": "\u001b[0m  \u001b[38;5;245minternal\u001b[0m                         = \u001b[38;5;166mfalse",
                  "FirstCause": false,
                  "LastCause": false
                },
                {
                  "Number": 44,
                  "Content": "  security_groups                  = [module.app_external_loadbalancer_sg.security_group_id]",
                  "IsCause": true,
                  "Annotation": "",
                  "Truncated": false,
                  "Highlighted": "\u001b[0m  \u001b[38;5;245msecurity_groups\u001b[0m                  = [\u001b[38;5;33mmodule\u001b[0m.app_external_loadbalancer_sg.security_group_id]",
                  "FirstCause": false,
                  "LastCause": false
                },
                {
                  "Number": 45,
                  "Content": "  subnets                          = module.vpc.public_subnets",
                  "IsCause": true,
                  "Annotation": "",
                  "Truncated": false,
                  "Highlighted": "  \u001b[38;5;245msubnets\u001b[0m                          = \u001b[38;5;33mmodule\u001b[0m.vpc.public_subnets",
                  "FirstCause": false,
                  "LastCause": false
                },
                {
                  "Number": 46,
                  "Content": "  access_logs {",
                  "IsCause": true,
                  "Annotation": "",
                  "Truncated": false,
                  "Highlighted": "  access_logs {",
                  "FirstCause": false,
                  "LastCause": false
                },
                {
                  "Number": 47,
                  "Content": "    bucket  = module.log_bucket.s3_bucket_id",
                  "IsCause": true,
                  "Annotation": "",
                  "Truncated": false,
                  "Highlighted": "    \u001b[38;5;245mbucket\u001b[0m  = \u001b[38;5;33mmodule\u001b[0m.log_bucket.s3_bucket_id",
                  "FirstCause": false,
                  "LastCause": true
                },
                {
                  "Number": 48,
                  "Content": "",
                  "IsCause": false,
                  "Annotation": "",
                  "Truncated": true,
                  "FirstCause": false,
                  "LastCause": false
                }
              ]
            },
            "RenderedCause": {}
          }
        },
        {
          "Type": "Terraform Security Check",
          "ID": "AVD-AWS-0053",
          "AVDID": "AVD-AWS-0053",
          "Title": "Load balancer is exposed to the internet.",
          "Description": "There are many scenarios in which you would want to expose a load balancer to the wider internet, but this check exists as a warning to prevent accidental exposure of internal assets. You should ensure that this resource should be exposed publicly.\n",
          "Message": "Load balancer is exposed publicly.",
          "Namespace": "builtin.aws.elb.aws0053",
          "Query": "data.builtin.aws.elb.aws0053.deny",
          "Resolution": "Switch to an internal load balancer or add a tfsec ignore",
          "Severity": "HIGH",
          "PrimaryURL": "https://avd.aquasec.com/misconfig/avd-aws-0053",
          "References": [
            "https://avd.aquasec.com/misconfig/avd-aws-0053"
          ],
          "Status": "FAIL",
          "Layer": {},
          "CauseMetadata": {
            "Resource": "aws_lb.alb_external_microservices",
            "Provider": "AWS",
            "Service": "elb",
            "StartLine": 43,
            "EndLine": 43,
            "Code": {
              "Lines": [
                {
                  "Number": 39,
                  "Content": "resource \"aws_lb\" \"alb_external_microservices\" {",
                  "IsCause": false,
                  "Annotation": "",
                  "Truncated": false,
                  "Highlighted": "\u001b[38;5;33mresource\u001b[0m \u001b[38;5;37m\"aws_lb\"\u001b[0m \u001b[38;5;37m\"alb_external_microservices\"\u001b[0m {",
                  "FirstCause": false,
                  "LastCause": false
                },
                {
                  "Number": 40,
                  "Content": "",
                  "IsCause": false,
                  "Annotation": "",
                  "Truncated": true,
                  "FirstCause": false,
                  "LastCause": false
                },
                {
                  "Number": 43,
                  "Content": "  internal                         = false",
                  "IsCause": true,
                  "Annotation": "",
                  "Truncated": false,
                  "Highlighted": "\u001b[0m  \u001b[38;5;245minternal\u001b[0m                         = \u001b[38;5;166mfalse",
                  "FirstCause": true,
                  "LastCause": true
                },
                {
                  "Number": 54,
                  "Content": "",
                  "IsCause": false,
                  "Annotation": "",
                  "Truncated": true,
                  "FirstCause": false,
                  "LastCause": false
                },
                {
                  "Number": 55,
                  "Content": "}",
                  "IsCause": false,
                  "Annotation": "",
                  "Truncated": false,
                  "Highlighted": "}",
                  "FirstCause": false,
                  "LastCause": false
                }
              ]
            },
            "Occurrences": [
              {
                "Resource": "aws_lb.alb_external_microservices",
                "Filename": "terraform/ecs.tf",
                "Location": {
                  "StartLine": 39,
                  "EndLine": 55
                }
              }
            ],
            "RenderedCause": {}
          }
        }
      ]
    },
    {
      "Target": "terraform/setup-templates/setup-terraform-assume-role.yml",
      "Class": "config",
      "Type": "cloudformation",
      "MisconfSummary": {
        "Successes": 6,
        "Failures": 1
      },
      "Misconfigurations": [
        {
          "Type": "CloudFormation Security Check",
          "ID": "AVD-AWS-0345",
          "AVDID": "AVD-AWS-0345",
          "Title": "Disallow unrestricted S3 IAM Policies",
          "Description": "Ensure that the creation of the unrestricted S3 IAM policies is disallowed.",
          "Message": "IAM policy allows 's3:*' action",
          "Namespace": "builtin.aws.iam.aws0345",
          "Query": "data.builtin.aws.iam.aws0345.deny",
          "Resolution": "Create more restrictive S3 policies",
          "Severity": "HIGH",
          "PrimaryURL": "https://avd.aquasec.com/misconfig/avd-aws-0345",
          "References": [
            "https://avd.aquasec.com/misconfig/avd-aws-0345"
          ],
          "Status": "FAIL",
          "Layer": {},
          "CauseMetadata": {
            "Resource": "terraform/setup-templates/setup-terraform-assume-role.yml:32-63",
            "Provider": "AWS",
            "Service": "iam",
            "StartLine": 32,
            "EndLine": 63,
            "Code": {
              "Lines": [
                {
                  "Number": 32,
                  "Content": "  TerraformDeployRolePolicy:",
                  "IsCause": true,
                  "Annotation": "",
                  "Truncated": false,
                  "Highlighted": "  \u001b[38;5;33mTerraformDeployRolePolicy\u001b[0m:",
                  "FirstCause": true,
                  "LastCause": false
                },
                {
                  "Number": 33,
                  "Content": "    Type: AWS::IAM::Policy",
                  "IsCause": true,
                  "Annotation": "",
                  "Truncated": false,
                  "Highlighted": "    \u001b[38;5;33mType\u001b[0m: AWS::IAM::Policy",
                  "FirstCause": false,
                  "LastCause": false
                },
                {
                  "Number": 34,
                  "Content": "    Properties:",
                  "IsCause": true,
                  "Annotation": "",
                  "Truncated": false,
                  "Highlighted": "    \u001b[38;5;33mProperties\u001b[0m:",
                  "FirstCause": false,
                  "LastCause": false
                },
                {
                  "Number": 35,
                  "Content": "      PolicyName: !Sub ${ProjectName}-terraform-deploy-policy",
                  "IsCause": true,
                  "Annotation": "",
                  "Truncated": false,
                  "Highlighted": "      \u001b[38;5;33mPolicyName\u001b[0m: !Sub ${ProjectName}-terraform-deploy-policy",
                  "FirstCause": false,
                  "LastCause": false
                },
                {
                  "Number": 36,
                  "Content": "      PolicyDocument:",
                  "IsCause": true,
                  "Annotation": "",
                  "Truncated": false,
                  "Highlighted": "      \u001b[38;5;33mPolicyDocument\u001b[0m:",
                  "FirstCause": false,
                  "LastCause": false
                },
                {
                  "Number": 37,
                  "Content": "        Version: 2012-10-17",
                  "IsCause": true,
                  "Annotation": "",
                  "Truncated": false,
                  "Highlighted": "        \u001b[38;5;33mVersion\u001b[0m: 2012-10-17",
                  "FirstCause": false,
                  "LastCause": false
                },
                {
                  "Number": 38,
                  "Content": "        Statement:",
                  "IsCause": true,
                  "Annotation": "",
                  "Truncated": false,
                  "Highlighted": "        \u001b[38;5;33mStatement\u001b[0m:",
                  "FirstCause": false,
                  "LastCause": false
                },
                {
                  "Number": 39,
                  "Content": "          - Effect: Allow",
                  "IsCause": true,
                  "Annotation": "",
                  "Truncated": false,
                  "Highlighted": "          - \u001b[38;5;33mEffect\u001b[0m: Allow",
                  "FirstCause": false,
                  "LastCause": false
                },
                {
                  "Number": 40,
                  "Content": "            Action:",
                  "IsCause": true,
                  "Annotation": "",
                  "Truncated": false,
                  "Highlighted": "            \u001b[38;5;33mAction\u001b[0m:",
                  "FirstCause": false,
                  "LastCause": true
                },
                {
                  "Number": 41,
                  "Content": "",
                  "IsCause": false,
                  "Annotation": "",
                  "Truncated": true,
                  "FirstCause": false,
                  "LastCause": false
                }
              ]
            },
            "RenderedCause": {}
          }
        }
      ]
    }
  ]
}
